Workbook

Sheet Read Me
A1: SafeX Solutions — Vulnerability Findings & Remediation Tracker
A2: Built for: Process-Improvement Proposal — Mini-Project, Group 40 (Ayza Waseem)
A4: WHAT THIS IS
A5: A lightweight, no-new-software tracker that replaces the current practice of sending vulnerability-assessment findings to clients as a static PDF/email with no shared, living record of remediation status.
A7: HOW TO USE IT
A8: 1. Open the 'Findings Log' tab. Each row is one vulnerability finding.
A9: 2. Add a new finding below the last row. Fill in the columns shown in BLUE font — these are the only cells you type into.
A10: 3. Columns in BLACK font calculate themselves (SLA due date, days remaining/overdue) — never type into these.
A11: 4. Pick Severity and Status from the dropdown lists provided in those cells.
A12: 5. Open the 'Dashboard' tab to see live totals and the overdue count update automatically.
A13: 6. The 'SLA Reference' tab holds the remediation-deadline policy per severity. Change the days there if your team's policy differs — every finding's due date updates automatically.
A15: COLOUR LEGEND
... A23: Full reasoning, current-state analysis, and expected impact are in the accompanying document 'Process-Improvement Proposal.docx'. This workbook is the working module referenced there.

Sheet SLA Reference
A1: Severity | B1: SLA (Business Days) | C1: Description
A2: Critical | B2: 3 | C2: Actively exploitable / severe business impact. Remediate immediately.
A3: High | B3: 7 | C3: Significant risk of exploitation. Remediate within one week.
A4: Medium | B4: 30 | C4: Moderate risk. Remediate within the current sprint/month.
A5: Low | B5: 90 | C5: Minor risk. Remediate during the next scheduled maintenance cycle.
A7: Note: SLA days are business-policy inputs — edit freely; every finding's due date recalculates automatically.

Sheet Findings Log
A1: Finding ID | B1: Client | C1: Asset / System | D1: Vulnerability | E1: Severity | F1: CVSS | G1: Date Identified | H1: SLA (Days) | I1: Due Date | J1: Recommended Fix | K1: Owner | L1: Status | M1: Date Resolved | N1: Days Remaining / Overdue
A2: VF-0001 | B2: Client A - Retail Co | C2: Customer web portal | D2: SQL injection on login form | E2: Critical | F2: 9.8 | G2: 46214 | H2: =INDEX('SLA Reference'!$B$2:$B$5,MATCH(E2,'SLA Reference'!$A$2:$A$5,0)) -> 3 | I2: =G2+H2 -> 46217 | J2: Patch input validation; deploy WAF rule | K2: Dev Team - S. Khan | L2: Open | N2: =IF(OR(L2="Resolved",L2="Verified Closed"),"Closed",I2-TODAY()) -> -2
A3: VF-0002 | B3: Client A - Retail Co | C3: Admin panel | D3: Default admin credentials in use | E3: Critical | F3: 9.1 | G3: 46218 | H3: =INDEX('SLA Reference'!$B$2:$B$5,MATCH(E3,'SLA Reference'!$A$2:$A$5,0)) -> 3 | I3: =G3+H3 -> 46221 | J3: Force password reset; enforce MFA | K3: Security Team - A. Raza | L3: In Progress | N3: =IF(OR(L3="Resolved",L3="Verified Closed"),"Closed",I3-TODAY()) -> 2
A4: VF-0003 | B4: Client B - Fintech Co | C4: API gateway | D4: Missing rate limiting on auth endpoint | E4: High | F4: 7.5 | G4: 46210 | H4: =INDEX('SLA Reference'!$B$2:$B$5,MATCH(E4,'SLA Reference'!$A$2:$A$5,0)) -> 7 | I4: =G4+H4 -> 46217 | J4: Add rate limiting + lockout policy | K4: Dev Team - M. Ali | L4: Open | N4: =IF(OR(L4="Resolved",L4="Verified Closed"),"Closed",I4-TODAY()) -> -2
A5: VF-0004 | B5: Client B - Fintech Co | C5: Payment DB server | D5: Outdated TLS version (TLS 1.0) | E5: High | F5: 7 | G5: 46217 | H5: =INDEX('SLA Reference'!$B$2:$B$5,MATCH(E5,'SLA Reference'!$A$2:$A$5,0)) -> 7 | I5: =G5+H5 -> 46224 | J5: Upgrade to TLS 1.2+; disable legacy ciphers | K5: Infra Team - H. Baig | L5: In Progress | N5: =IF(OR(L5="Resolved",L5="Verified Closed"),"Closed",I5-TODAY()) -> 5
A6: VF-0005 | B6: Client C - Retail Co | C6: Marketing website | D6: Outdated WordPress plugin (XSS) | E6: Medium | F6: 5.4 | G6: 46199 | H6: =INDEX('SLA Reference'!$B$2:$B$5,MATCH(E6,'SLA Reference'!$A$2:$A$5,0)) -> 30 | I6: =G6+H6 -> 46229 | J6: Update plugin; add CSP header | K6: Dev Team - S. Khan | L6: Resolved | M6: 46217 | N6: =IF(OR(L6="Resolved",L6="Verified Closed"),"Closed",I6-TODAY()) -> Closed
A7: VF-0006 | B7: Client C - Retail Co | C7: Cloud storage | D7: Publicly readable S3 bucket | E7: Critical | F7: 8.6 | G7: 46215 | H7: =INDEX('SLA Reference'!$B$2:$B$5,MATCH(E7,'SLA Reference'!$A$2:$A$5,0)) -> 3 | I7: =G7+H7 -> 46218 | J7: Restrict bucket policy; audit access logs | K7: Infra Team - H. Baig | L7: Open | N7: =IF(OR(L7="Resolved",L7="Verified Closed"),"Closed",I7-TODAY()) -> -1
A8: VF-0007 | B8: Client D - Logistics Co | C8: Employee portal | D8: No account lockout after failed logins | E8: Medium | F8: 5 | G8: 46209 | H8: =INDEX('SLA Reference'!$B$2:$B$5,MATCH(E8,'SLA Reference'!$A$2:$A$5,0)) -> 30 | I8: =G8+H8 -> 46239 | J8: Add lockout after 5 attempts | K8: Dev Team - M. Ali | L8: Open | N8: =IF(OR(L8="Resolved",L8="Verified Closed"),"Closed",I8-TODAY()) -> 20
A9: VF-0008 | B9: Client D - Logistics Co | C9: Internal network | D9: Unpatched CMS (known CVE) | E9: High | F9: 8.2 | G9: 46204 | H9: =INDEX('SLA Reference'!$B$2:$B$5,MATCH(E9,'SLA Reference'!$A$2:$A$5,0)) -> 7 | I9: =G9+H9 -> 46211 | J9: Apply vendor security patch | K9: Infra Team - A. Raza | L9: Verified Closed | M9: 46213 | N9: =IF(OR(L9="Resolved",L9="Verified Closed"),"Closed",I9-TODAY()) -> Closed
A10: VF-0009 | B10: Client E - Fintech Co | C10: Mobile app backend | D10: Sensitive data logged in plaintext | E10: Medium | F10: 6.1 | G10: 46216 | H10: =INDEX('SLA Reference'!$B$2:$B$5,MATCH(E10,'SLA Reference'!$A$2:$A$5,0)) -> 30 | I10: =G10+H10 -> 46246 | J10: Mask PII in logs; rotate exposed keys | K10: Dev Team - S. Khan | L10: Open | N10: =IF(OR(L10="Resolved",L10="Verified Closed"),"Closed",I10-TODAY()) -> 27
A11: VF-0010 | B11: Client E - Fintech Co | C11: Corporate VPN | D11: No MFA on VPN access | E11: Low | F11: 4.3 | G11: 46218 | H11: =INDEX('SLA Reference'!$B$2:$B$5,MATCH(E11,'SLA Reference'!$A$2:$A$5,0)) -> 90 | I11: =G11+H11 -> 46308 | J11: Enable MFA for all VPN accounts | K11: Security Team - A. Raza | L11: Open | N11: =IF(OR(L11="Resolved",L11="Verified Closed"),"Closed",I11-TODAY()) -> 89

Sheet Dashboard
A1: Vulnerability Remediation Dashboard
A2: Auto-calculated from 'Findings Log'. Updates the moment a new finding is added.
A4: Total Findings | B4: Open | C4: In Progress | D4: Resolved / Closed | E4: Overdue (open + past due)
A5: =COUNTA('Findings Log'!$A$2:$A$11) -> 10 | B5: =COUNTIF('Findings Log'!$L$2:$L$11,"Open") -> 6 | C5: =COUNTIF('Findings Log'!$L$2:$L$11,"In Progress") -> 2 | D5: =COUNTIF('Findings Log'!$L$2:$L$11,"Resolved")+COUNTIF('Findings Log'!$L$2:$L$11,"Verified Closed") -> 2 | E5: =SUMPRODUCT(('Findings Log'!$I$2:$I$11<TODAY())*('Findings Log'!$L$2:$L$11<>"Resolved")*('Findings Log'!$L$2:$L$11<>"Verified Closed")) -> 3
A7: % of Open Findings Within SLA | B7: =IFERROR(1-(E5/(B5+C5)),"n/a") -> 0.625
A10: Open Findings by Severity
A11: Severity | B11: Count
A12: Critical | B12: =SUMPRODUCT(('Findings Log'!$E$2:$E$11="Critical")*(('Findings Log'!$L$2:$L$11="Open")+('Findings Log'!$L$2:$L$11="In Progress"))) -> 3
A13: High | B13: =SUMPRODUCT(('Findings Log'!$E$2:$E$11="High")*(('Findings Log'!$L$2:$L$11="Open")+('Findings Log'!$L$2:$L$11="In Progress"))) -> 2
A14: Medium | B14: =SUMPRODUCT(('Findings Log'!$E$2:$E$11="Medium")*(('Findings Log'!$L$2:$L$11="Open")+('Findings Log'!$L$2:$L$11="In Progress"))) -> 2
A15: Low | B15: =SUMPRODUCT(('Findings Log'!$E$2:$E$11="Low")*(('Findings Log'!$L$2:$L$11="Open")+('Findings Log'!$L$2:$L$11="In Progress"))) -> 1
